,question,answer
0, What are the advantages and disadvantages of bag of words,"Bag-of-words (BoW) offers the advantage of simplicity and ease of implementation.  It's computationally inexpensive and readily scales to large datasets.  However, BoW suffers from a significant disadvantage: it ignores word order and context. This means it loses crucial semantic information, leading to potentially inaccurate representations of text, especially when dealing with nuanced language or sarcasm.  For instance,  ""The quick brown fox jumps over the lazy dog"" and ""The lazy dog is jumped over by the quick brown fox"" would have identical BoW representations despite their differing meanings."
1, How to handle exploding gradient problem,"The exploding gradient problem occurs in training deep neural networks when gradients become excessively large during backpropagation, leading to unstable weight updates and potentially preventing the model from converging.  This is often seen in recurrent neural networks (RNNs).  Several techniques can mitigate this:

1. **Gradient Clipping:** This involves limiting the norm of the gradient vector to a predefined threshold.  If the gradient exceeds this threshold, it's scaled down proportionally.  This prevents excessively large updates to the weights.

2. **Weight Initialization:** Careful initialization of weights, such as using Xavier/Glorot or He initialization, can help prevent gradients from becoming too large in the first place.  These methods scale the initial weights based on the number of input and output units in a layer.

3. **Recurrent Dropout:** Applying dropout to the recurrent connections in RNNs can regularize the model and reduce the likelihood of exploding gradients.

4. **Using activation functions with bounded outputs:**  Switching to activation functions like tanh or sigmoid (instead of ReLU), which have bounded outputs, can help to control the magnitude of the gradients.  However, this can introduce other challenges like vanishing gradients.

5. **Batch Normalization:**  Introducing batch normalization layers can help stabilize the gradients by normalizing the activations of each layer, leading to more stable training.


Choosing the best approach often involves experimentation and depends on the specific network architecture and dataset.  A common strategy is to combine several of these techniques for optimal results."
2,How would you deal with an angry or irate customer?,"My approach to an angry or irate customer focuses on de-escalation and resolution. First, I would listen empathetically, letting them fully express their frustration without interruption.  I'd acknowledge their feelings, using phrases like ""I understand your frustration,"" or ""I can see why you're upset.""  Then, I'd actively work to understand the root cause of their anger, asking clarifying questions in a calm and respectful tone. Once I fully grasp the issue, I would offer a sincere apology, even if I'm not personally responsible for the problem.  Finally, I'd work collaboratively to find a solution, outlining potential options and working with the customer to find the best fit.  If immediate resolution isn't possible, I'd clearly communicate the steps I'll take and establish a timeline for follow-up.  The goal is to turn a negative experience into a positive one, even if it means exceeding expectations to regain their trust."
3,Give a time when you went above and beyond the requirements for a project.,"During my previous role at [Previous Company Name], we were tasked with developing a new customer onboarding system.  The initial project scope focused solely on automating the account creation process.  However, I noticed that the existing customer support system was inefficient and contributed significantly to onboarding delays.  I proactively took the initiative to design and implement a simple integration between the new onboarding system and the support ticketing system. This allowed for automatic ticket creation and assignment based on onboarding progress, significantly reducing customer support response times and improving overall customer satisfaction. This integration wasn't explicitly part of the project requirements, but it demonstrably improved the overall user experience and efficiency."
4, Why large filter sizes in early layers can be a bad choice How to choose filter size,"Large filter sizes in early layers of a convolutional neural network (CNN) can be a bad choice because they significantly increase computational cost and the number of parameters, without necessarily yielding a proportional increase in performance.  Early layers are responsible for learning low-level features.  Large filters attempt to capture these features across a wide receptive field, but this can be inefficient.  Smaller filters can learn these low-level features effectively by combining multiple layers, creating a hierarchical feature extraction process. This hierarchical approach is more computationally efficient and often learns more robust and generalizable features.


Choosing filter size involves a trade-off between expressiveness and efficiency.  There's no single ""best"" size.  Considerations include:

* **The nature of the data:** For images with fine details, smaller filters might initially be preferred to capture local patterns, gradually increasing size in deeper layers.  For images with large, easily discernible features, larger filters might be suitable in early layers.

* **Computational resources:** Larger filters dramatically increase computational complexity.  Resource constraints often dictate a preference for smaller filters, especially in resource-constrained environments or with very large datasets.

* **Experimental evaluation:**  The optimal filter size is often determined empirically.  Starting with smaller filters and systematically increasing their size while monitoring performance (e.g., using validation accuracy) is a common approach.  Techniques like grid search or random search can help explore the parameter space effectively.


In summary, while there might be niche cases for large early filters, smaller filters are generally preferred due to efficiency and the effectiveness of hierarchical feature learning.  The best choice is determined through experimentation and careful consideration of the data and resources."
5,What was your biggest failure?,"In my previous role at [Previous Company Name], I underestimated the time commitment required for a significant project involving the [briefly describe project type, e.g., migration to a new CRM system].  My initial timeline was overly optimistic, leading to a missed deadline.  While the project was ultimately completed successfully, the delay caused some stress for the team and impacted other dependent projects.  My biggest learning from this was the importance of conducting a more thorough needs assessment and risk analysis upfront, including a more realistic contingency planning for unforeseen challenges.  Since then, I've refined my project management skills by incorporating more robust planning methodologies and actively seeking input from colleagues to ensure a more accurate estimation of effort and potential roadblocks."
6, What problem does Bi-LSTM solve instead of only LSTM,"Bi-LSTMs solve the problem of limited contextual information in standard LSTMs.  Standard LSTMs process sequences in only one direction (e.g., left-to-right).  A Bi-LSTM processes the sequence in both directions simultaneously, allowing it to consider both past and future context when making predictions at each time step. This is particularly beneficial for tasks like natural language processing where understanding the entire sentence is crucial, not just the preceding words. For example, in sentiment analysis, a word like ""not"" significantly alters the sentiment of subsequent words; a Bi-LSTM can effectively capture this relationship, whereas a unidirectional LSTM might miss the negation."
7,Why do you want to leave your current company?,"I'm seeking a role that offers more opportunities for professional growth and development in [Specific area related to the job description, e.g.,  cloud-based solutions,  data visualization, project management]. While I've valued my time at [Current Company Name] and appreciate the experience gained, the opportunities for advancement in this specific area are currently limited.  This role at [Interviewing Company Name] directly aligns with my career goals and provides the challenging and rewarding environment I'm looking for."
8, How large should be N for our bag of words when using N-grams,"The optimal size of N for an N-gram bag-of-words model depends heavily on the specific application and the nature of the text data. There's no single ""correct"" answer.  Larger N values capture more context (e.g., ""machine learning"" vs. ""machine"" and ""learning"" separately), potentially improving accuracy, but at the cost of increased dimensionality and computational expense.  Smaller N values are computationally cheaper and less prone to sparsity issues, but may miss crucial contextual information.

A common approach is to experiment with different N values (e.g., N=1, 2, 3) and evaluate the model's performance on a held-out test set using metrics like precision, recall, and F1-score.  The value of N that yields the best performance is typically selected.  Furthermore, techniques like stemming or lemmatization can reduce the size of the vocabulary and mitigate the impact of large N values."
9, Why don't we use the Relu activation function in the output layer,"We generally don't use the ReLU activation function in the output layer because its range is [0, ∞).  This is unsuitable for many output tasks.  For example, in regression problems, we need an output that can represent any real number, positive or negative.  Similarly, in binary classification, we typically want a probability between 0 and 1, which ReLU cannot provide directly.  Sigmoid or softmax functions are preferred for these types of output layers as their ranges appropriately reflect the nature of the predicted value."
10, difference between Vanishing gradient Vs Exploding gradient,"Vanishing gradient and exploding gradient are both problems that can occur during the training of deep neural networks, specifically those using backpropagation to update weights.  They both relate to the gradients used in the update rule, but in opposite ways:

Vanishing gradient refers to the situation where gradients become extremely small during backpropagation, making it difficult to update the weights of earlier layers in the network effectively.  This hinders learning, especially in deep networks, as the updates become negligible.  A common cause is the repeated application of activation functions with saturated derivatives (e.g., sigmoid), leading to a multiplicative effect that shrinks the gradient.

Exploding gradient is the opposite; gradients become extremely large during backpropagation, leading to unstable training.  Weights may become excessively large, resulting in numerical instability and potentially causing the training process to diverge or become highly erratic.  This can also manifest as NaN (Not a Number) values.  Causes often include improper initialization of weights or a poorly structured network architecture."
11, Why is Rectified Linear Unit a good activation function,"The Rectified Linear Unit (ReLU) is a good activation function primarily due to its efficiency and effectiveness in addressing some limitations of sigmoid and tanh functions.  ReLU avoids the vanishing gradient problem, a common issue with sigmoid and tanh where gradients become very small during backpropagation, hindering learning, especially in deep networks.  Because ReLU's derivative is a simple 0 or 1, it allows for faster training.  Furthermore, its non-linearity enables the network to learn complex patterns, while its simplicity reduces computational cost compared to more complex activation functions."
12, Is it always bad to have local optimaIs it always bad to have local optima,"No, it's not always bad to have local optima.  While in many optimization problems, especially those aiming for a global optimum, local optima represent suboptimal solutions, there are contexts where they are acceptable or even desirable.  For example, in some machine learning applications, a good local optimum might be sufficient and finding the global optimum may be computationally too expensive or unnecessary.  The value of a local optimum depends entirely on the specific problem and the acceptable trade-off between solution quality and computational cost."
13,Tell me how you handled a difficult situation.,"In my previous role at [Previous Company Name], we faced a significant deadline for a major software release.  Two key developers unexpectedly left the team a week before the launch date, leaving a critical module incomplete.  This presented a difficult situation because the missing module was essential for the system's core functionality.

My response was two-pronged.  First, I immediately assessed the remaining workload and reassigned tasks amongst the existing team, prioritizing the most crucial components.  Second, I proactively reached out to freelance developers with relevant expertise to fill the gap, securing two experienced professionals within 48 hours.  I facilitated efficient knowledge transfer between the existing team and the freelancers, ensuring a smooth handover.

Although the deadline was tight, we successfully launched the software on time, albeit with some minor features postponed to the next release.  This experience highlighted the importance of proactive risk management, effective team delegation, and the ability to adapt quickly to unexpected challenges."
14, How to Select a Batch Size Will selecting a batch size produce better or worse results?,"Selecting an appropriate batch size is crucial in training machine learning models, and its impact on results isn't a simple ""better"" or ""worse"" scenario.  The optimal batch size depends on the specific dataset, model architecture, and computational resources.

Smaller batch sizes (e.g., 1-32) lead to more frequent weight updates, potentially resulting in faster convergence in the initial stages and better generalization by exploring the loss landscape more thoroughly. However, they also introduce more noise in the gradient estimations, leading to less stable training and requiring more iterations. This can increase training time overall.

Larger batch sizes (e.g., 128-512 or even larger) result in smoother, more stable training because the gradient estimations are less noisy.  This can lead to faster convergence in later stages of training.  However, they may lead to slower initial convergence and potentially worse generalization due to getting stuck in sharp minima of the loss landscape. They also demand more memory.

In short, there's no universally ""better"" batch size.  Experimentation and tuning are key.  Starting with a common size (e.g., 32 or 64) and then systematically trying slightly smaller and larger values, evaluating performance on a validation set, is the best approach to determine the optimal batch size for a given task."
15, How to compute an inverse matrix faster by playing around with some computational tricks,"Several computational tricks can speed up inverse matrix computation, primarily focusing on exploiting matrix structure and leveraging efficient algorithms.  The fastest method depends heavily on the matrix's properties.

For general matrices,  using optimized libraries like LAPACK or BLAS is crucial.  These libraries are highly optimized for various architectures and utilize advanced algorithms like LU decomposition or QR decomposition, which are significantly faster than naive approaches.  These algorithms often incorporate techniques like blocking and parallelization for further performance gains.

If the matrix has specific properties,  we can exploit them:

* **Symmetric matrices:**  We can use Cholesky decomposition, which is approximately twice as fast as LU decomposition for symmetric positive-definite matrices.

* **Sparse matrices:**  If the matrix is sparse (contains many zero elements), specialized algorithms like iterative methods (e.g., conjugate gradient) or sparse LU/Cholesky decompositions are far more efficient than general-purpose methods.  These avoid unnecessary computations on zero elements.

* **Structured matrices (e.g., Toeplitz, circulant):**  These matrices possess inherent structure allowing for faster inversion using specialized algorithms that leverage this structure for significant computational savings, often reducing complexity from O(n³) to O(n²) or even O(n log n).

* **Low-rank matrices:** If the matrix can be approximated by a low-rank matrix (meaning it can be represented as the product of two smaller matrices), we can use techniques like singular value decomposition (SVD) to compute the inverse more efficiently.


In summary, achieving faster inverse matrix computation involves selecting the appropriate algorithm based on the matrix's characteristics and utilizing highly optimized libraries that incorporate advanced computational tricks like blocking, parallelization, and specialized algorithms for specific matrix structures."
16, Give a simple mathematical argument why a mini-batch version of such ML algorithm might be computationally more efficient than a training with full data set,"Using a mini-batch instead of the full dataset in training a machine learning algorithm offers computational efficiency because the gradient calculation is performed on a smaller subset of the data.  The computational complexity of calculating the gradient is typically linear with respect to the dataset size.  Therefore, processing a mini-batch of size *m* requires approximately *m/N* times the computation of processing the full dataset of size *N*.  This reduction in computation per iteration, while requiring more iterations to converge, often results in faster overall training time, especially for very large datasets, due to the benefits of parallelization and reduced memory requirements."
